{"acc": 0.739038093164142, "loss": 0.24771440860657598, "_timestamp": 1709937793.4301891, "_runtime": 0.6991672515869141, "_step": 7, "_wandb": {"runtime": 0}}