{"iter": 180, "train/loss": 4.299942493438721, "lr": 5.399999999999999e-05, "mfu": 0.06721242083475187, "_timestamp": 1709953379.6008348, "_runtime": 12897.444960832596, "_step": 45, "_wandb": {"runtime": 13124}}