{"iter": 0, "train/loss": 5.551731586456299, "lr": 0.0, "mfu": -100.0, "_timestamp": 1709940089.296807, "_runtime": 171.9460699558258, "_step": 0, "_wandb": {"runtime": 448}}