{"iter": 0, "train/loss": 5.589698314666748, "lr": 0.0, "mfu": -100.0, "_timestamp": 1709960614.9446056, "_runtime": 22.683910608291626, "_step": 0}